intersection_id,hist_crashes,hist_severity,label_hotspot,community_name,x,y
26098113.0,27,37.0,1,LOOP,-87.6172438,41.880924
26099529.0,17,23.0,1,LINCOLN PARK,-87.6336278,41.9257466
26099544.0,13,13.0,1,LINCOLN PARK,-87.6306774,41.9262218
26794540.0,22,28.0,1,UPTOWN,-87.6441624,41.9546674
26794541.0,12,12.0,1,LAKE VIEW,-87.6452662,41.9546336
26794629.0,6,6.0,0,LAKE VIEW,-87.669156,41.9561355
27440218.0,13,15.0,1,LOOP,-87.6242078,41.8782927
27440219.0,20,27.0,0,LOOP,-87.624413,41.8782936
27440220.0,13,18.0,0,LOOP,-87.6260987,41.8782617
27440221.0,13,16.0,0,LOOP,-87.6276919,41.8782108
27440223.0,13,14.0,1,LOOP,-87.6292907,41.8781794
27440225.0,19,20.0,1,LOOP,-87.6337073,41.8768531
27440229.0,16,24.0,0,LOOP,-87.6260662,41.8769779
27440233.0,16,20.0,0,LOOP,-87.6243796,41.87701
27440234.0,7,7.0,0,LOOP,-87.6241746,41.8769665
27440235.0,12,14.0,0,LOOP,-87.6276645,41.8769377
27440236.0,7,7.0,0,LOOP,-87.6287391,41.8769116
27440237.0,15,20.0,1,LOOP,-87.6292574,41.8769036
27440240.0,15,16.0,1,LOOP,-87.6261297,41.8795286
27440247.0,28,34.0,1,LOOP,-87.6242038,41.8757665
27440248.0,15,23.0,1,LOOP,-87.6243501,41.8757236
27440479.0,17,21.0,1,NEAR NORTH SIDE,-87.6240597,41.8992185
27440481.0,11,13.0,1,NEAR NORTH SIDE,-87.6240665,41.8975861
27440558.0,13,17.0,0,NEAR NORTH SIDE,-87.6192608,41.9000948
27440566.0,22,26.0,1,NEAR NORTH SIDE,-87.621834,41.8967656
27440571.0,37,39.0,1,NEAR NORTH SIDE,-87.6181914,41.8984693
27440572.0,8,11.0,0,NEAR NORTH SIDE,-87.6176529,41.8976809
27440574.0,6,7.0,0,NEAR NORTH SIDE,-87.6202164,41.8984418
27440577.0,80,95.0,1,NEAR NORTH SIDE,-87.6170654,41.8968396
27440579.0,10,11.0,0,NEAR NORTH SIDE,-87.6164066,41.8958729
27440581.0,15,17.0,1,NEAR NORTH SIDE,-87.6153782,41.894289
27446489.0,41,44.0,0,LOOP,-87.6244445,41.8795564
27446490.0,22,29.0,1,LOOP,-87.6242444,41.8808376
27446491.0,36,42.0,1,LOOP,-87.6244714,41.8808351
27446494.0,37,43.0,1,LOOP,-87.6245076,41.8821148
27446495.0,17,23.0,1,LOOP,-87.6242327,41.8832566
27446496.0,23,23.0,1,LOOP,-87.6245322,41.8832559
27446500.0,12,14.0,0,LOOP,-87.62446,41.8868112
27446502.0,15,17.0,1,LOOP,-87.6244444,41.8883135
27446708.0,17,19.0,1,LOOP,-87.6277233,41.8794803
27446709.0,19,25.0,1,LOOP,-87.6277596,41.880755
27446710.0,21,28.0,1,LOOP,-87.6261614,41.8808016
27446719.0,23,31.0,1,LOOP,-87.6261923,41.8820791
27446720.0,14,16.0,1,LOOP,-87.6278089,41.8820455
27446756.0,24,24.0,1,LOOP,-87.626228,41.8832533
27446758.0,12,15.0,0,LOOP,-87.6262626,41.8844929
27477591.0,6,9.0,1,LOOP,-87.6338816,41.8832423
27477592.0,12,17.0,1,LOOP,-87.6339164,41.884468
27721250.0,13,20.0,1,NEAR NORTH SIDE,-87.624121,41.8925406
28289299.0,14,17.0,1,LOOP,-87.6294006,41.8819867
28289857.0,26,32.0,0,LOOP,-87.6293588,41.8807123
28289985.0,11,17.0,1,LOOP,-87.6308053,41.879429
28290013.0,25,30.0,1,LOOP,-87.629327,41.8794443
28290256.0,16,21.0,1,LOOP,-87.6278661,41.8832481
28290265.0,23,26.0,1,LOOP,-87.6279024,41.884489
28290271.0,29,35.0,1,LOOP,-87.6294681,41.8844831
28290277.0,26,32.0,1,LOOP,-87.6294313,41.8832349
28290281.0,16,21.0,0,LOOP,-87.6309343,41.8832472
28290286.0,18,26.0,1,LOOP,-87.6309528,41.8844774
28357795.0,10,10.0,0,LAKE VIEW,-87.6675137,41.954316
28358991.0,7,9.0,1,LOOP,-87.624469,41.888194
29411948.0,32,38.0,1,NEAR NORTH SIDE,-87.6297803,41.8966555
29411952.0,27,32.0,1,NEAR NORTH SIDE,-87.6296811,41.8932553
29411954.0,31,44.0,1,NEAR NORTH SIDE,-87.6296377,41.8916443
29411955.0,16,20.0,1,NEAR NORTH SIDE,-87.629616,41.8908442
29411956.0,18,20.0,0,NEAR NORTH SIDE,-87.6295984,41.8900425
29412098.0,21,31.0,1,NEAR NORTH SIDE,-87.6312427,41.8966335
29412101.0,15,22.0,1,NEAR NORTH SIDE,-87.631182,41.8940363
29412102.0,31,36.0,1,NEAR NORTH SIDE,-87.6311632,41.8932327
29412104.0,20,24.0,1,NEAR NORTH SIDE,-87.631127,41.8916211
29412106.0,24,34.0,1,NEAR NORTH SIDE,-87.6310911,41.8900219
29412107.0,19,24.0,1,NEAR NORTH SIDE,-87.6310629,41.8892182
29412128.0,8,10.0,1,NEAR NORTH SIDE,-87.6341577,41.8947921
29412130.0,34,43.0,1,NEAR NORTH SIDE,-87.6341108,41.8931879
29412131.0,25,36.0,1,NEAR NORTH SIDE,-87.6340775,41.8924039
29412132.0,16,23.0,1,NEAR NORTH SIDE,-87.6340545,41.8915756
29412133.0,6,8.0,0,NEAR NORTH SIDE,-87.6340339,41.8907935
33404757.0,15,18.0,1,NEAR SOUTH SIDE,-87.6238115,41.8529321
33718410.0,50,52.0,1,NEAR SOUTH SIDE,-87.6203803,41.8674475
33718415.0,25,33.0,1,LOOP,-87.6205963,41.8732174
33718418.0,21,31.0,1,LOOP,-87.620794,41.8808775
33718768.0,9,9.0,0,LOOP,-87.6291951,41.87454
33754408.0,30,39.0,1,LOOP,-87.6241574,41.8675056
33754414.0,9,9.0,1,NEAR SOUTH SIDE,-87.6226756,41.8674152
33781531.0,12,15.0,0,NEAR SOUTH SIDE,-87.6255159,41.852915
33781534.0,21,23.0,1,NEAR SOUTH SIDE,-87.6258299,41.8673976
35313343.0,35,40.0,1,NEAR WEST SIDE,-87.6473605,41.8817821
35313346.0,49,57.0,1,WEST TOWN,-87.6476267,41.891194
102680965.0,32,40.0,1,LINCOLN PARK,-87.6332228,41.9111706
102708202.0,8,9.0,0,NEAR NORTH SIDE,-87.648257,41.9100134
102713551.0,14,19.0,1,NEAR NORTH SIDE,-87.6330042,41.9038864
102812058.0,32,37.0,1,NORWOOD PARK,-87.7878762,41.9973481
102825447.0,47,58.0,1,ROGERS PARK,-87.6605404,41.9981909
104509538.0,14,16.0,0,LINCOLN SQUARE,-87.6896692,41.9904396
105288716.0,10,10.0,1,NORTH PARK,-87.747426,41.9757239
158703871.0,9,13.0,1,NORTH CENTER,-87.6880439,41.9412767
158733099.0,38,44.0,1,ALBANY PARK,-87.7479842,41.975339
250278876.0,9,9.0,0,LAKE VIEW,-87.6690637,41.9524699
250278909.0,7,7.0,0,EDGEWATER,-87.658072,41.9854871
250278912.0,76,91.0,1,EDGEWATER,-87.6552531,41.9855561
250278971.0,15,23.0,1,LAKE VIEW,-87.6380877,41.940568
250278972.0,58,64.0,1,LAKE VIEW,-87.6387965,41.9402676
250755793.0,7,12.0,0,LINCOLN PARK,-87.6327964,41.9130707
250755798.0,20,24.0,1,NEAR NORTH SIDE,-87.6314378,41.9039084
250755822.0,12,16.0,1,NEAR NORTH SIDE,-87.6326564,41.8891834
250755823.0,22,29.0,1,NEAR NORTH SIDE,-87.6327139,41.8924205
250755829.0,38,42.0,1,LINCOLN PARK,-87.6332177,41.9129093
250755838.0,8,8.0,0,LINCOLN PARK,-87.6317147,41.9133123
250755850.0,25,29.0,1,LINCOLN PARK,-87.6317332,41.9134687
250755869.0,11,13.0,0,LINCOLN PARK,-87.6318608,41.9277356
250756028.0,10,14.0,1,LOGAN SQUARE,-87.6664135,41.9164553
253960164.0,13,18.0,1,WASHINGTON PARK,-87.6220852,41.7800388
256170703.0,34,45.0,1,ALBANY PARK,-87.7278145,41.9609574
256170803.0,7,7.0,0,PORTAGE PARK,-87.7866925,41.9565629
256171159.0,16,24.0,0,AVONDALE,-87.7271366,41.9372698
256180895.0,21,29.0,0,NEW CITY,-87.6819863,41.8084359
256181083.0,39,49.0,1,GAGE PARK,-87.6840649,41.7938759
256592106.0,11,13.0,0,NEAR WEST SIDE,-87.6392994,41.8697612
256592390.0,21,22.0,0,NEAR WEST SIDE,-87.6407521,41.8681955
256610458.0,13,18.0,1,NEAR WEST SIDE,-87.6436572,41.8672607
256611722.0,9,13.0,1,NEAR WEST SIDE,-87.6424927,41.8767364
256612742.0,6,8.0,0,NEAR WEST SIDE,-87.6422169,41.8681766
256625252.0,14,16.0,0,LOOP,-87.6292232,41.8755456
256625253.0,16,20.0,1,LOOP,-87.6307151,41.8757013
256631215.0,11,18.0,1,LOOP,-87.6275053,41.8674659
256633658.0,6,6.0,0,NEAR WEST SIDE,-87.6642784,41.8764006
257097046.0,6,6.0,0,EDGEWATER,-87.6521464,41.9764443
257148600.0,12,12.0,0,UPTOWN,-87.6563751,41.9752681
257148734.0,8,12.0,0,EDGEWATER,-87.6564081,41.9763807
257148737.0,11,11.0,0,EDGEWATER,-87.6566754,41.985512
257149798.0,38,48.0,1,EDGEWATER,-87.6600736,41.9836311
257152947.0,8,8.0,0,EDGEWATER,-87.6579703,41.9818393
257154978.0,8,13.0,0,UPTOWN,-87.6598223,41.9746271
257164245.0,10,14.0,1,NEAR NORTH SIDE,-87.6203867,41.8967808
257170276.0,23,27.0,0,EDGEWATER,-87.6600178,41.9818049
257171189.0,9,10.0,0,EDGEWATER,-87.6613538,41.9836107
257381566.0,12,14.0,1,NEAR WEST SIDE,-87.6426019,41.8805412
257493527.0,7,11.0,1,NEAR SOUTH SIDE,-87.6257953,41.8657672
257948514.0,30,53.0,1,LOOP,-87.6173184,41.8732478
257957639.0,11,12.0,1,NEAR NORTH SIDE,-87.6370023,41.8907484
257957640.0,19,21.0,1,NEAR NORTH SIDE,-87.6370194,41.8915431
257957641.0,37,49.0,1,NEAR NORTH SIDE,-87.6370403,41.8923682
257957643.0,9,15.0,1,NEAR NORTH SIDE,-87.63709,41.8939592
257972848.0,34,39.0,1,LAKE VIEW,-87.6391965,41.9408903
257972850.0,9,9.0,0,LAKE VIEW,-87.6386058,41.9399314
258017072.0,12,14.0,1,ARMOUR SQUARE,-87.6311221,41.8529386
258019304.0,13,16.0,1,NEAR SOUTH SIDE,-87.6238069,41.8527955
258020206.0,11,16.0,1,NEAR WEST SIDE,-87.6427125,41.8844346
258020218.0,13,18.0,1,NEAR WEST SIDE,-87.6412141,41.8818705
258020600.0,19,33.0,1,NEAR WEST SIDE,-87.6442418,41.8856988
258020677.0,12,18.0,0,NEAR WEST SIDE,-87.6426397,41.8818475
258020679.0,19,26.0,1,NEAR WEST SIDE,-87.6397063,41.8818886
258020713.0,9,12.0,1,NEAR WEST SIDE,-87.6441836,41.8844246
258021252.0,13,15.0,1,LOOP,-87.6354195,41.8857333
258023316.0,16,17.0,0,NEAR NORTH SIDE,-87.6280481,41.8908707
258023317.0,9,10.0,1,NEAR NORTH SIDE,-87.6311089,41.8908304
258023391.0,18,28.0,1,NEAR NORTH SIDE,-87.6267252,41.8916883
258023392.0,34,37.0,1,NEAR NORTH SIDE,-87.628071,41.8916668
258023393.0,12,16.0,1,NEAR NORTH SIDE,-87.6327037,41.891596
258023461.0,19,24.0,1,NEAR NORTH SIDE,-87.6202626,41.8925884
258023463.0,35,38.0,1,NEAR NORTH SIDE,-87.626742,41.8924976
258023464.0,30,32.0,1,NEAR NORTH SIDE,-87.6280935,41.8924761
258023465.0,24,27.0,1,NEAR NORTH SIDE,-87.6296658,41.8924565
258023466.0,23,27.0,1,NEAR NORTH SIDE,-87.6311454,41.8924393
258023911.0,65,78.0,1,NEAR NORTH SIDE,-87.6370626,41.893148
258024205.0,7,8.0,0,NEAR NORTH SIDE,-87.6326618,41.8900004
258024206.0,11,13.0,0,NEAR NORTH SIDE,-87.6280185,41.8900646
258024673.0,40,56.0,1,LOOP,-87.6174422,41.8783863
258024674.0,29,30.0,1,LOOP,-87.6171823,41.8783884
258032862.0,35,45.0,1,NEAR WEST SIDE,-87.6473203,41.8804962
258287219.0,40,44.0,1,LOOP,-87.6242963,41.8731634
258288004.0,12,13.0,0,LOOP,-87.6170658,41.8732487
258877329.0,8,8.0,0,LOOP,-87.6259881,41.8744135
258877330.0,7,7.0,0,LOOP,-87.6259779,41.8731297
258878532.0,6,8.0,0,LOOP,-87.6287069,41.8757059
258956336.0,16,19.0,1,NEAR WEST SIDE,-87.6474067,41.8831398
258957342.0,17,22.0,1,LOOP,-87.627936,41.8857554
258964576.0,20,26.0,1,NEAR NORTH SIDE,-87.6245035,41.9024295
258965847.0,8,12.0,1,WEST TOWN,-87.6458412,41.8912112
258965934.0,8,8.0,1,NEAR NORTH SIDE,-87.6202831,41.8934121
258965972.0,12,18.0,1,NEAR NORTH SIDE,-87.6241399,41.8933381
258965973.0,8,8.0,0,NEAR NORTH SIDE,-87.6267605,41.8932946
258965974.0,24,27.0,1,NEAR NORTH SIDE,-87.6281158,41.8932791
258965975.0,20,29.0,1,NEAR NORTH SIDE,-87.6327224,41.8932091
258966841.0,12,16.0,1,NEAR WEST SIDE,-87.6442784,41.8868088
259384082.0,9,10.0,0,LAKE VIEW,-87.637899,41.9387985
259575747.0,12,16.0,0,LAKE VIEW,-87.6409285,41.9400936
259745404.0,6,6.0,0,LINCOLN PARK,-87.633249,41.9138084
260098756.0,8,12.0,0,AVONDALE,-87.6965471,41.9321158
261090917.0,23,42.0,1,GREATER GRAND CROSSING,-87.6265394,41.7653487
261093042.0,10,10.0,1,GAGE PARK,-87.6834837,41.7938582
261096337.0,6,6.0,0,EAST GARFIELD PARK,-87.7192393,41.8744742
261097154.0,8,8.0,0,AVONDALE,-87.7125165,41.9401891
261102104.0,6,6.0,0,AVONDALE,-87.7125728,41.9417027
261103566.0,8,10.0,0,GREATER GRAND CROSSING,-87.6154975,41.7747923
261109749.0,9,10.0,1,ARMOUR SQUARE,-87.6320136,41.8521808
261110019.0,11,14.0,0,MCKINLEY PARK,-87.6737901,41.8340612
261113909.0,37,51.0,1,SOUTH CHICAGO,-87.5855024,41.7514962
261115285.0,6,6.0,0,WEST TOWN,-87.6750231,41.9105166
261115392.0,9,16.0,0,AUSTIN,-87.7665763,41.8822192
261115413.0,13,20.0,1,BELMONT CRAGIN,-87.7674515,41.9312628
261120278.0,7,9.0,0,CHATHAM,-87.6226058,41.7363805
261120281.0,7,9.0,0,CHATHAM,-87.6177511,41.7364538
261120282.0,15,19.0,0,CHATHAM,-87.6161397,41.7364781
261120286.0,6,9.0,0,CHATHAM,-87.6120901,41.7365414
261120291.0,13,25.0,1,CHATHAM,-87.6072489,41.7366131
261120319.0,32,48.0,1,CALUMET HEIGHTS,-87.5856256,41.7369076
261120325.0,15,19.0,0,CALUMET HEIGHTS,-87.5827407,41.7369523
261120585.0,6,8.0,1,SOUTH LAWNDALE,-87.6999614,41.8373294
261121526.0,15,23.0,1,WEST GARFIELD PARK,-87.7352347,41.87392
261121564.0,6,8.0,0,LOOP,-87.6296681,41.8745333
261122093.0,7,14.0,0,ENGLEWOOD,-87.6445543,41.7706591
261122108.0,11,13.0,0,WEST ENGLEWOOD,-87.6640372,41.7703792
261122125.0,9,11.0,0,CHICAGO LAWN,-87.6834046,41.7701556
261122145.0,11,13.0,0,WEST LAWN,-87.7225254,41.7695594
261126031.0,31,33.0,1,MCKINLEY PARK,-87.6657451,41.8360639
261126635.0,6,7.0,0,WEST GARFIELD PARK,-87.7351754,41.8724426
261127051.0,12,17.0,1,GRAND BOULEVARD,-87.6181564,41.8093608
261129943.0,7,10.0,0,WEST RIDGE,-87.688554,41.9941251
261129944.0,7,13.0,0,WEST RIDGE,-87.6886121,41.9959369
261129946.0,7,7.0,0,WEST RIDGE,-87.6887078,41.9995661
261131893.0,24,30.0,1,ASHBURN,-87.7023939,41.7498632
261131894.0,19,23.0,1,ASHBURN,-87.7024124,41.7504992
261131895.0,13,15.0,0,ASHBURN,-87.7024457,41.7516272
261131922.0,9,13.0,0,CHICAGO LAWN,-87.703094,41.7771462
261131927.0,7,10.0,0,CHICAGO LAWN,-87.7031945,41.7808034
261131931.0,11,17.0,0,CHICAGO LAWN,-87.7033032,41.7844369
261131939.0,18,21.0,0,GAGE PARK,-87.7035933,41.7944335
261131940.0,18,23.0,1,GAGE PARK,-87.7036199,41.795347
261131942.0,9,12.0,1,GAGE PARK,-87.7036473,41.7962734
261131944.0,16,20.0,1,GAGE PARK,-87.7037274,41.7990035
261131951.0,14,17.0,1,BRIGHTON PARK,-87.7039077,41.8056788
261131953.0,7,9.0,1,BRIGHTON PARK,-87.7039436,41.8068272
261131959.0,17,20.0,1,BRIGHTON PARK,-87.7041922,41.8135884
261131962.0,19,19.0,1,BRIGHTON PARK,-87.7042685,41.8154283
261131964.0,13,15.0,0,BRIGHTON PARK,-87.7043288,41.8172058
261131969.0,9,12.0,0,BRIGHTON PARK,-87.7044216,41.8199071
261132000.0,8,11.0,0,BRIGHTON PARK,-87.7044226,41.8235094
261132028.0,24,28.0,1,SOUTH LAWNDALE,-87.7049362,41.8408776
261132030.0,27,37.0,1,SOUTH LAWNDALE,-87.7049939,41.8427106
261132031.0,40,47.0,1,SOUTH LAWNDALE,-87.7050529,41.8445202
261132032.0,17,25.0,1,SOUTH LAWNDALE,-87.7051066,41.8463408
261132816.0,6,8.0,0,NEAR WEST SIDE,-87.674059,41.8747368
261133166.0,8,10.0,0,GARFIELD RIDGE,-87.7623529,41.794545
261133222.0,11,13.0,0,AUSTIN,-87.7647805,41.8783397
261133224.0,7,12.0,0,AUSTIN,-87.7647497,41.87744
261133226.0,12,17.0,0,AUSTIN,-87.7646827,41.8756315
261133228.0,10,11.0,0,AUSTIN,-87.7646477,41.8747308
261133229.0,10,15.0,1,AUSTIN,-87.7646126,41.873824
261134366.0,7,7.0,0,CLEARING,-87.7447088,41.7783867
261135257.0,9,9.0,0,GARFIELD RIDGE,-87.7432083,41.8057965
261135288.0,10,15.0,1,ARCHER HEIGHTS,-87.7235297,41.8060466
261135404.0,7,7.0,0,NORWOOD PARK,-87.8069459,41.9836444
261139077.0,7,10.0,0,DUNNING,-87.8068674,41.9415879
261140229.0,17,25.0,0,EDISON PARK,-87.8068064,41.9969842
261141684.0,6,7.0,0,BELMONT CRAGIN,-87.7662137,41.9303741
261142038.0,6,8.0,0,SOUTH LAWNDALE,-87.6950612,41.8386155
261142624.0,7,9.0,0,LINCOLN PARK,-87.6474833,41.9236633
261143241.0,18,25.0,1,NEAR WEST SIDE,-87.6864773,41.8830029
261143274.0,7,7.0,0,AUSTIN,-87.7550964,41.8816557
261143299.0,20,34.0,0,AUSTIN,-87.742861,41.8818396
261143314.0,8,8.0,1,AUSTIN,-87.7632557,41.8822648
261143315.0,36,47.0,1,AUSTIN,-87.7649254,41.8822428
261146026.0,11,11.0,1,NEAR NORTH SIDE,-87.6227574,41.8941636
261146027.0,29,33.0,1,NEAR NORTH SIDE,-87.6227796,41.8949755
261146874.0,11,14.0,0,HUMBOLDT PARK,-87.726324,41.9035924
261147314.0,7,7.0,0,FOREST GLEN,-87.7492126,41.9736719
261147618.0,15,18.0,0,WEST TOWN,-87.6762558,41.9104975
261147681.0,8,11.0,0,HUMBOLDT PARK,-87.7350948,41.9096002
261149253.0,7,12.0,1,NEAR NORTH SIDE,-87.6253624,41.8909165
261149426.0,9,12.0,0,AUBURN GRESHAM,-87.6428179,41.750654
261150043.0,6,6.0,0,WEST ENGLEWOOD,-87.6652676,41.7721851
261150092.0,14,20.0,1,WEST LAWN,-87.7201267,41.771428
261150093.0,57,74.0,1,WEST LAWN,-87.7225662,41.7713946
261150095.0,8,10.0,0,WEST LAWN,-87.7238014,41.7713776
261150096.0,7,11.0,0,WEST LAWN,-87.7250229,41.7713609
261151125.0,13,17.0,1,NEAR NORTH SIDE,-87.617775,41.8942551
261151561.0,7,12.0,0,HUMBOLDT PARK,-87.7349221,41.9115908
261151776.0,9,11.0,1,WEST GARFIELD PARK,-87.7353072,41.8760624
261151777.0,7,9.0,0,WEST GARFIELD PARK,-87.7352745,41.8751332
261151799.0,8,8.0,0,SOUTH LAWNDALE,-87.7343305,41.8459414
261151967.0,9,10.0,1,NEAR WEST SIDE,-87.66918,41.8775923
261151968.0,13,19.0,0,NEAR WEST SIDE,-87.6691392,41.87632
261151970.0,20,24.0,0,NEAR WEST SIDE,-87.6691061,41.8751404
261151989.0,23,26.0,1,LOWER WEST SIDE,-87.6685052,41.8522932
261153721.0,17,31.0,1,GREATER GRAND CROSSING,-87.6233112,41.7655485
261154311.0,8,8.0,0,LOOP,-87.629773,41.8781743
261154819.0,13,16.0,0,SOUTH SHORE,-87.5762844,41.7652929
261154820.0,15,20.0,1,SOUTH SHORE,-87.5762609,41.7643409
261155545.0,11,18.0,0,WEST ENGLEWOOD,-87.6642366,41.7776596
261155581.0,14,22.0,1,CHICAGO LAWN,-87.6836028,41.7774242
261155604.0,15,20.0,0,WEST LAWN,-87.7227089,41.7768396
261156579.0,6,8.0,0,WEST RIDGE,-87.6909934,41.9940887
261156581.0,7,8.0,0,WEST RIDGE,-87.6910531,41.9958976
261158039.0,8,11.0,1,CHATHAM,-87.6027493,41.7513072
261159021.0,27,34.0,1,WEST RIDGE,-87.689782,41.9941039
261159125.0,10,10.0,1,AVONDALE,-87.7069724,41.9453663
261160361.0,10,11.0,1,AVONDALE,-87.7125969,41.9424464
261160781.0,10,12.0,1,GAGE PARK,-87.7047799,41.7935108
261160793.0,8,8.0,0,WEST ELSDON,-87.7219247,41.7932285
261160795.0,6,8.0,0,WEST ELSDON,-87.7243878,41.7932002
261160910.0,19,26.0,1,WEST RIDGE,-87.6899377,41.9995468
261160913.0,9,14.0,0,WEST RIDGE,-87.6996829,41.9993818
261161069.0,8,8.0,1,NEAR NORTH SIDE,-87.6241819,41.8949499
261161805.0,8,12.0,0,AUBURN GRESHAM,-87.6472849,41.7360279
261163046.0,11,16.0,1,SOUTH LAWNDALE,-87.7244042,41.8387254
261163520.0,6,9.0,1,GRAND BOULEVARD,-87.6246522,41.8165182
261163665.0,15,21.0,1,HUMBOLDT PARK,-87.7187568,41.8954414
261163669.0,7,8.0,0,HUMBOLDT PARK,-87.7236351,41.8953976
261163685.0,10,17.0,0,AUSTIN,-87.7435303,41.8950483
261163687.0,6,11.0,0,AUSTIN,-87.748262,41.8949899
261163807.0,13,20.0,1,ARCHER HEIGHTS,-87.723905,41.8169412
261163819.0,6,6.0,0,NEW CITY,-87.6651222,41.8177219
261164871.0,22,24.0,1,NORWOOD PARK,-87.7874821,41.9969074
261166817.0,6,7.0,1,ASHBURN,-87.703472,41.7498522
261169509.0,17,22.0,0,LOGAN SQUARE,-87.6998655,41.9248019
261170541.0,8,8.0,0,WEST TOWN,-87.686808,41.8948336
261170542.0,6,7.0,0,WEST TOWN,-87.6868582,41.8966663
261170639.0,35,39.0,0,WEST RIDGE,-87.6897251,41.9922787
261170641.0,19,25.0,1,WEST RIDGE,-87.6898375,41.9959151
261170656.0,6,10.0,0,WEST RIDGE,-87.6902088,42.0109269
261171334.0,8,10.0,1,NEAR NORTH SIDE,-87.6299698,41.9031544
261172146.0,13,17.0,1,SOUTH SHORE,-87.586086,41.7578514
261172175.0,16,25.0,0,AVALON PARK,-87.585829,41.7460166
261172181.0,6,6.0,0,AVALON PARK,-87.585682,41.7387372
261172183.0,9,15.0,1,CALUMET HEIGHTS,-87.5856096,41.7350903
261172188.0,26,34.0,1,CALUMET HEIGHTS,-87.5853927,41.7259879
261172189.0,46,54.0,1,CALUMET HEIGHTS,-87.5852774,41.7241722
261174689.0,20,32.0,0,WASHINGTON HEIGHTS,-87.6627615,41.7212664
261174767.0,8,13.0,0,WEST ENGLEWOOD,-87.6640039,41.7740211
261174769.0,10,13.0,0,WEST ENGLEWOOD,-87.6639173,41.7667346
261174941.0,15,22.0,1,GREATER GRAND CROSSING,-87.6137128,41.7511432
261176104.0,21,22.0,1,SOUTH LAWNDALE,-87.7038201,41.844533
261176105.0,17,20.0,0,SOUTH LAWNDALE,-87.7062557,41.8445039
261176118.0,10,12.0,0,SOUTH LAWNDALE,-87.7233288,41.8442726
261176121.0,7,11.0,0,SOUTH LAWNDALE,-87.7257643,41.8442387
261177274.0,17,26.0,0,AUBURN GRESHAM,-87.6439918,41.7488176
261179547.0,19,25.0,1,NEAR NORTH SIDE,-87.6177145,41.8926319
261180257.0,10,10.0,1,WEST ELSDON,-87.7229794,41.7868496
261181600.0,7,7.0,0,IRVING PARK,-87.7127555,41.9483939
261181976.0,7,11.0,0,NORTH LAWNDALE,-87.7276176,41.8661389
261182165.0,11,16.0,1,AUSTIN,-87.7548252,41.8739399
261182167.0,12,19.0,1,AUSTIN,-87.7547129,41.8710479
261182318.0,6,10.0,0,LINCOLN PARK,-87.6347566,41.9128858
261184593.0,21,25.0,1,WEST LAWN,-87.7203108,41.7786952
261184595.0,17,19.0,1,WEST LAWN,-87.7239892,41.7786426
261184605.0,16,24.0,1,CLEARING,-87.7398515,41.7784684
261184608.0,7,7.0,0,CLEARING,-87.7435063,41.7784101
261184683.0,10,13.0,1,CHICAGO LAWN,-87.6848608,41.7792438
261184693.0,10,15.0,0,CHICAGO LAWN,-87.7019254,41.7789925
261185498.0,7,9.0,0,LOGAN SQUARE,-87.6861227,41.931015
261185798.0,10,11.0,0,BELMONT CRAGIN,-87.7453147,41.9315617
261185885.0,6,9.0,0,NEAR SOUTH SIDE,-87.6301961,41.8565866
261187921.0,10,14.0,0,CHICAGO LAWN,-87.6837945,41.7847472
261189820.0,16,24.0,0,CHATHAM,-87.6145908,41.7383399
261189838.0,13,16.0,1,CHATHAM,-87.6048721,41.7384669
261191260.0,18,26.0,1,LOGAN SQUARE,-87.6975607,41.9302708
261191268.0,11,11.0,1,BELMONT CRAGIN,-87.7661822,41.9294475
261191335.0,10,14.0,0,GREATER GRAND CROSSING,-87.6153225,41.7675244
261193981.0,21,27.0,1,NEW CITY,-87.6842279,41.8229946
261194683.0,11,14.0,0,ARMOUR SQUARE,-87.6317936,41.8543135
261195011.0,7,12.0,0,AUSTIN,-87.7429102,41.8831594
261195031.0,6,6.0,0,PORTAGE PARK,-87.7445543,41.9470694
261195072.0,27,38.0,1,BELMONT CRAGIN,-87.7441305,41.9315763
261197491.0,12,14.0,0,AUSTIN,-87.757328,41.871027
261199251.0,6,6.0,0,GAGE PARK,-87.7050002,41.800818
261199254.0,7,7.0,0,GAGE PARK,-87.7048347,41.7953287
261199956.0,14,15.0,1,WASHINGTON HEIGHTS,-87.6432732,41.7215106
261199957.0,7,11.0,1,WASHINGTON HEIGHTS,-87.6432252,41.7196485
261200105.0,6,8.0,0,CHICAGO LAWN,-87.6819319,41.764723
261200106.0,6,6.0,0,CHICAGO LAWN,-87.6818746,41.762904
261200135.0,6,11.0,0,GAGE PARK,-87.6824593,41.7865276
261200170.0,7,8.0,1,NEW CITY,-87.6637593,41.8086246
261200192.0,6,8.0,0,GARFIELD RIDGE,-87.7443733,41.8076108
261200194.0,9,11.0,0,GARFIELD RIDGE,-87.7419429,41.8076434
261200195.0,8,14.0,1,GARFIELD RIDGE,-87.7407176,41.8076599
261201826.0,7,14.0,0,NORTH LAWNDALE,-87.7252063,41.8670889
261202213.0,25,31.0,1,HUMBOLDT PARK,-87.7262457,41.9008548
261207101.0,13,15.0,0,HUMBOLDT PARK,-87.7226404,41.9027058
261207102.0,11,16.0,0,HUMBOLDT PARK,-87.725083,41.9026871
261207104.0,8,8.0,0,HUMBOLDT PARK,-87.7275234,41.9026589
261207401.0,11,16.0,1,NORTH LAWNDALE,-87.725122,41.8643447
261210818.0,6,6.0,0,WEST RIDGE,-87.7008041,41.9957578
261212547.0,11,12.0,0,ALBANY PARK,-87.7084206,41.966635
261213261.0,6,9.0,1,SOUTH DEERING,-87.5765696,41.7224515
261213345.0,9,9.0,0,GAGE PARK,-87.7062207,41.8007992
261214294.0,10,16.0,1,WEST PULLMAN,-87.6185143,41.659156
261214410.0,13,17.0,0,GARFIELD RIDGE,-87.743059,41.8003219
261216023.0,14,17.0,1,AUSTIN,-87.7658468,41.9075634
261218725.0,14,20.0,1,WEST ELSDON,-87.7232056,41.7950495
261219421.0,10,12.0,0,CHATHAM,-87.6074555,41.7439344
261219666.0,9,9.0,0,LOOP,-87.6297106,41.8755332
261220080.0,6,8.0,0,GARFIELD RIDGE,-87.7404857,41.7990682
261220999.0,23,29.0,1,EAST GARFIELD PARK,-87.7012913,41.8840888
261222159.0,7,8.0,0,CHICAGO LAWN,-87.6850721,41.7865416
261222661.0,9,11.0,0,GREATER GRAND CROSSING,-87.6215354,41.7582902
261222663.0,17,22.0,0,GREATER GRAND CROSSING,-87.6213775,41.7510148
261222845.0,22,27.0,1,WEST LAWN,-87.7224166,41.7650092
261223052.0,10,10.0,1,ARMOUR SQUARE,-87.6319796,41.8509908
261224854.0,8,8.0,0,ARMOUR SQUARE,-87.6319931,41.8514618
261226270.0,14,17.0,1,ROGERS PARK,-87.6612922,42.0067625
261226595.0,8,13.0,0,GAGE PARK,-87.7021266,41.7862715
261226606.0,7,10.0,0,WEST ELSDON,-87.7205146,41.78598
261226611.0,6,6.0,0,WEST ELSDON,-87.7241864,41.7859291
261227612.0,26,29.0,1,AVONDALE,-87.6976783,41.934446
261229340.0,13,19.0,1,MCKINLEY PARK,-87.6753383,41.8322184
261229801.0,11,13.0,0,PORTAGE PARK,-87.7865892,41.953833
261230113.0,9,12.0,0,GREATER GRAND CROSSING,-87.605673,41.7694989
261231117.0,9,13.0,0,CHATHAM,-87.604793,41.735731
261233643.0,10,11.0,1,BELMONT CRAGIN,-87.7664302,41.9367489
261233989.0,6,6.0,0,NORWOOD PARK,-87.8058214,41.980863
261236403.0,13,15.0,0,SOUTH LAWNDALE,-87.724622,41.8460896
261237434.0,17,20.0,1,ALBANY PARK,-87.708522,41.9702749
261240197.0,12,19.0,1,WEST RIDGE,-87.6995735,41.9957755
261242504.0,18,19.0,1,ROGERS PARK,-87.6608462,42.0045768
261248469.0,13,18.0,1,AUSTIN,-87.7650522,41.8857165
261250113.0,9,13.0,0,WEST GARFIELD PARK,-87.7257217,41.8829297
261250117.0,15,25.0,0,WEST GARFIELD PARK,-87.7257343,41.8833661
261250135.0,15,19.0,0,HUMBOLDT PARK,-87.726142,41.8972105
261250140.0,6,7.0,0,HUMBOLDT PARK,-87.7263533,41.9044779
261250179.0,12,13.0,0,IRVING PARK,-87.7277758,41.9591286
261250357.0,7,9.0,1,NORWOOD PARK,-87.7875147,41.9955512
261250364.0,6,11.0,0,BELMONT CRAGIN,-87.7869098,41.9309805
261252859.0,6,7.0,0,WEST GARFIELD PARK,-87.7381272,41.8868506
261252982.0,7,7.0,0,NEW CITY,-87.6663825,41.8158615
261253104.0,10,10.0,1,AUSTIN,-87.7649978,41.8842327
261253106.0,12,15.0,1,AUSTIN,-87.7651807,41.8892903
261255931.0,9,9.0,0,AVONDALE,-87.7097885,41.9451554
261256468.0,13,13.0,1,CHICAGO LAWN,-87.6836984,41.7810633
261256484.0,10,14.0,1,WEST LAWN,-87.7228073,41.7804875
261256616.0,13,26.0,0,GAGE PARK,-87.6835828,41.7975201
261258024.0,7,9.0,0,NORTH LAWNDALE,-87.7252368,41.8679841
261258345.0,12,13.0,0,WEST LAWN,-87.722603,41.7731994
261259448.0,18,19.0,1,AUSTIN,-87.7455504,41.8879181
261261012.0,10,11.0,0,GAGE PARK,-87.6837193,41.8029737
261261014.0,12,19.0,1,GAGE PARK,-87.6842947,41.8029763
261261725.0,7,9.0,0,WOODLAWN,-87.6071977,41.7803884
261262879.0,8,12.0,0,SOUTH DEERING,-87.577778,41.7224376
261264442.0,12,15.0,0,GREATER GRAND CROSSING,-87.6230913,41.756452
261264489.0,22,29.0,1,GREATER GRAND CROSSING,-87.6265447,41.7655003
261264527.0,50,62.0,1,CHATHAM,-87.6254419,41.736214
261265072.0,16,21.0,1,BELMONT CRAGIN,-87.7881318,41.9309696
261265753.0,66,111.0,1,WEST TOWN,-87.6476107,41.8900883
261269095.0,6,8.0,0,LOGAN SQUARE,-87.7022865,41.9238051
261269117.0,10,11.0,0,LOGAN SQUARE,-87.6973907,41.9238737
261272692.0,12,12.0,0,ARCHER HEIGHTS,-87.723648,41.8097129
261272702.0,24,29.0,1,BRIGHTON PARK,-87.6844906,41.8102511
261275224.0,31,44.0,1,HUMBOLDT PARK,-87.7362005,41.91003
261275225.0,12,14.0,0,HUMBOLDT PARK,-87.7361674,41.9115737
261275586.0,18,26.0,1,SOUTH DEERING,-87.5790104,41.7224234
261276419.0,7,12.0,0,WASHINGTON PARK,-87.6240523,41.792877
261276520.0,14,21.0,1,CHATHAM,-87.605085,41.7457979
261276522.0,9,13.0,1,CHATHAM,-87.6049774,41.742112
261276590.0,7,12.0,0,WOODLAWN,-87.6059645,41.7822372
261280289.0,9,14.0,0,WEST ELSDON,-87.7231305,41.7922891
261281942.0,8,9.0,0,EAST GARFIELD PARK,-87.7013312,41.885467
261284152.0,12,13.0,1,GRAND BOULEVARD,-87.6196011,41.8093415
261284687.0,12,16.0,0,ARCHER HEIGHTS,-87.723893,41.8163748
261289111.0,6,6.0,0,ROGERS PARK,-87.672243,42.0090197
261293051.0,16,19.0,1,MCKINLEY PARK,-87.6844355,41.8292893
261294461.0,20,23.0,1,ROGERS PARK,-87.6607882,42.0025607
261295784.0,16,25.0,0,MCKINLEY PARK,-87.6849773,41.8284476
261295803.0,10,12.0,0,BRIGHTON PARK,-87.684514,41.8111543
261295811.0,7,10.0,0,GAGE PARK,-87.6842004,41.7993397
261295818.0,7,12.0,0,GAGE PARK,-87.6840173,41.7922894
261295822.0,12,14.0,1,GAGE PARK,-87.6838945,41.7883628
261295826.0,14,14.0,1,CHICAGO LAWN,-87.683303,41.7665161
261295830.0,7,8.0,1,CHICAGO LAWN,-87.6831936,41.7628784
261295945.0,8,8.0,0,WEST TOWN,-87.6775214,41.9123043
261296312.0,7,11.0,0,HUMBOLDT PARK,-87.7197609,41.9035325
261296318.0,6,7.0,0,HUMBOLDT PARK,-87.7276577,41.9066544
261296501.0,9,13.0,1,GARFIELD RIDGE,-87.7441324,41.7984991
261297147.0,31,36.0,1,ARCHER HEIGHTS,-87.723936,41.8184132
261303371.0,8,17.0,0,CALUMET HEIGHTS,-87.5851684,41.7350964
261303781.0,9,11.0,1,WEST GARFIELD PARK,-87.7256226,41.8797696
261303800.0,9,11.0,1,SOUTH LAWNDALE,-87.7245006,41.842415
261303825.0,27,35.0,1,ARCHER HEIGHTS,-87.723787,41.8133692
261303834.0,8,10.0,0,WEST ELSDON,-87.7230015,41.7877605
261303836.0,14,22.0,0,WEST LAWN,-87.7229292,41.7850267
261303844.0,23,32.0,0,WEST LAWN,-87.7225455,41.7704615
261303848.0,18,27.0,0,WEST LAWN,-87.7224378,41.7659348
261310414.0,10,19.0,1,GREATER GRAND CROSSING,-87.6181394,41.7510685
261310676.0,12,13.0,0,AUSTIN,-87.7556457,41.8967565
261313003.0,11,14.0,1,HERMOSA,-87.7277723,41.9171554
261316382.0,6,8.0,0,GARFIELD RIDGE,-87.741708,41.7988658
261318333.0,12,16.0,0,MCKINLEY PARK,-87.6844114,41.8284567
261323600.0,8,8.0,0,LOWER WEST SIDE,-87.6758699,41.8530934
261325492.0,16,19.0,1,ROGERS PARK,-87.660824,42.0036037
261325501.0,6,7.0,0,ROGERS PARK,-87.6607638,42.0006232
261334846.0,8,15.0,0,BELMONT CRAGIN,-87.7490648,41.9315072
261334852.0,8,8.0,0,BELMONT CRAGIN,-87.7844695,41.931016
261336491.0,9,16.0,0,HUMBOLDT PARK,-87.72497,41.899037
261875786.0,7,10.0,0,NEAR NORTH SIDE,-87.6281603,41.894879
261883442.0,12,13.0,0,NEAR WEST SIDE,-87.6484524,41.8792016
261886237.0,10,13.0,0,NEAR WEST SIDE,-87.648492,41.8804809
262072488.0,9,11.0,1,NEAR NORTH SIDE,-87.6312194,41.8956366
262072489.0,7,7.0,0,NEAR NORTH SIDE,-87.6297433,41.8956607
262072490.0,15,19.0,1,NEAR NORTH SIDE,-87.6297226,41.8948505
262072493.0,15,15.0,0,NEAR NORTH SIDE,-87.629704,41.8940563
262077310.0,24,25.0,1,EDGEWATER,-87.655306,41.9873656
262161000.0,7,12.0,0,EDGEWATER,-87.6613646,41.9844356
262167580.0,9,14.0,1,LAKE VIEW,-87.6496382,41.9527494
262167608.0,12,13.0,0,LAKE VIEW,-87.6450122,41.9530622
262168194.0,18,20.0,0,LAKE VIEW,-87.6552211,41.9456027
262170569.0,6,6.0,1,LAKE VIEW,-87.6478419,41.9483026
262173155.0,14,19.0,1,NEAR NORTH SIDE,-87.6227104,41.8925664
262173156.0,19,21.0,1,NEAR NORTH SIDE,-87.6226853,41.8917508
262173158.0,26,29.0,1,NEAR NORTH SIDE,-87.6227349,41.8933604
262173260.0,8,8.0,1,LOOP,-87.6253519,41.8832539
262183798.0,14,17.0,0,NEAR NORTH SIDE,-87.620354,41.8958076
262184019.0,30,39.0,1,NEAR NORTH SIDE,-87.6203289,41.8950103
262184057.0,35,41.0,1,NEAR NORTH SIDE,-87.6203072,41.8942136
262184061.0,12,12.0,0,NEAR NORTH SIDE,-87.6177462,41.8934537
262185172.0,6,6.0,0,NEAR SOUTH SIDE,-87.625513,41.8527803
262185846.0,7,10.0,0,NEAR SOUTH SIDE,-87.6255715,41.8554711
262185925.0,11,11.0,0,NEAR SOUTH SIDE,-87.6255452,41.8542614
262186019.0,7,11.0,1,NEAR SOUTH SIDE,-87.6272012,41.8565397
262187056.0,27,35.0,1,ARMOUR SQUARE,-87.6320346,41.852919
262367828.0,10,13.0,0,WEST TOWN,-87.6661577,41.9033663
262804096.0,13,17.0,1,NEAR NORTH SIDE,-87.6356503,41.8939783
262804924.0,35,46.0,1,NEAR NORTH SIDE,-87.6356317,41.8931668
262804941.0,20,30.0,1,NEAR NORTH SIDE,-87.6356113,41.8923856
262906828.0,8,8.0,0,NEAR NORTH SIDE,-87.6248482,41.896728
263322626.0,14,16.0,1,AVONDALE,-87.712582,41.9422498
263372924.0,13,15.0,1,IRVING PARK,-87.7292123,41.9536312
263372990.0,13,14.0,1,IRVING PARK,-87.7263915,41.9536694
263985076.0,13,18.0,1,LOGAN SQUARE,-87.6885925,41.9175714
263985312.0,12,15.0,0,LOGAN SQUARE,-87.677854,41.9238958
264166207.0,10,10.0,0,ALBANY PARK,-87.7096979,41.9684454
264434019.0,6,8.0,0,LINCOLN PARK,-87.6698546,41.9255192
265644420.0,14,20.0,1,WEST TOWN,-87.6487763,41.8911793
265644421.0,7,12.0,0,WEST TOWN,-87.6487985,41.8919749
266485993.0,11,21.0,1,GREATER GRAND CROSSING,-87.6249027,41.7655373
268730043.0,36,42.0,1,NORWOOD PARK,-87.7874657,41.9973527
269446276.0,54,65.0,1,NEAR NORTH SIDE,-87.6242785,41.9008141
269446277.0,8,12.0,0,NEAR NORTH SIDE,-87.6242455,41.9000119
269446278.0,19,22.0,1,NEAR NORTH SIDE,-87.624224,41.8992185
269446282.0,23,31.0,1,LOOP,-87.6245815,41.8883197
269446283.0,24,30.0,1,NEAR NORTH SIDE,-87.6243162,41.8933353
269446284.0,21,31.0,1,NEAR NORTH SIDE,-87.6242931,41.8925381
269446289.0,12,19.0,1,NEAR NORTH SIDE,-87.6243361,41.8941429
269446292.0,21,28.0,1,LOOP,-87.6246143,41.8882082
269446295.0,9,14.0,0,LOOP,-87.6246226,41.8857688
269446333.0,13,22.0,0,NEAR NORTH SIDE,-87.6241792,41.9019776
269448542.0,9,13.0,0,NEAR NORTH SIDE,-87.6196338,41.891031
269450179.0,7,9.0,0,HYDE PARK,-87.5791112,41.7900884
270611554.0,10,14.0,0,LOOP,-87.6347741,41.8857316
271188336.0,14,14.0,1,LOOP,-87.6234338,41.8844845
271278860.0,8,8.0,0,NEAR NORTH SIDE,-87.6115803,41.8911412
272206536.0,10,10.0,1,LOOP,-87.6225595,41.8675542
272206538.0,15,19.0,1,LOOP,-87.6204227,41.8676015
272208405.0,11,11.0,1,LOOP,-87.6241378,41.8731583
272208410.0,18,19.0,1,LOOP,-87.6241986,41.8756897
272208893.0,17,21.0,1,LOOP,-87.6242636,41.8718783
272208894.0,14,15.0,1,LOOP,-87.6243278,41.8744516
272208970.0,14,18.0,1,LOOP,-87.6242072,41.8693159
272208971.0,8,11.0,0,LOOP,-87.6242402,41.8705979
272213455.0,11,14.0,0,NEAR NORTH SIDE,-87.6241621,41.8941434
272215873.0,16,18.0,1,NEAR NORTH SIDE,-87.6167352,41.8969105
286840405.0,23,25.0,1,ALBANY PARK,-87.7457764,41.9753639
286900245.0,16,21.0,1,EDGEWATER,-87.6553849,41.9901048
287209250.0,8,8.0,1,WEST RIDGE,-87.690875,41.9905023
287209503.0,10,10.0,1,WEST RIDGE,-87.6984265,41.9975818
287209504.0,18,20.0,1,WEST RIDGE,-87.6923319,41.9976906
287209505.0,20,23.0,1,WEST RIDGE,-87.6911064,41.9977149
287209507.0,58,69.0,1,WEST RIDGE,-87.6898933,41.9977376
287211438.0,8,8.0,0,WEST RIDGE,-87.6801234,41.9979027
287213216.0,26,30.0,1,WEST RIDGE,-87.6886705,41.9977557
287215729.0,7,11.0,1,ROGERS PARK,-87.6618278,41.9981757
287215739.0,11,12.0,1,EDGEWATER,-87.6604825,41.9963858
287215767.0,7,9.0,1,EDGEWATER,-87.6601793,41.9869547
287262182.0,12,19.0,1,NEAR WEST SIDE,-87.6464891,41.8817919
287486475.0,8,8.0,0,PORTAGE PARK,-87.7487498,41.9607079
288070403.0,8,8.0,0,NEAR WEST SIDE,-87.6509607,41.8856073
288070412.0,11,13.0,1,NEAR WEST SIDE,-87.6498185,41.8856263
288070417.0,8,9.0,0,NEAR WEST SIDE,-87.6497394,41.8831045
288070420.0,20,22.0,0,NEAR WEST SIDE,-87.6496967,41.8817444
288070450.0,7,7.0,0,NEAR WEST SIDE,-87.6485317,41.8817625
288070465.0,22,25.0,1,NEAR WEST SIDE,-87.6486439,41.8856458
288596243.0,26,27.0,1,NEAR SOUTH SIDE,-87.6241149,41.8657947
288989758.0,18,23.0,1,NORTH PARK,-87.7302071,41.97551
289550364.0,12,13.0,1,IRVING PARK,-87.7139452,41.9465516
289550366.0,33,39.0,1,AVONDALE,-87.7127039,41.9465651
289550367.0,23,26.0,1,AVONDALE,-87.7114974,41.9465832
289550370.0,16,19.0,1,IRVING PARK,-87.7098333,41.9466082
294177583.0,13,16.0,0,AUSTIN,-87.7459044,41.9114672
294177629.0,6,7.0,0,AUSTIN,-87.7459675,41.910539
294177641.0,7,7.0,0,AUSTIN,-87.7459409,41.9123806
294177671.0,12,20.0,1,AUSTIN,-87.7459773,41.9132921
295526874.0,6,6.0,0,LOGAN SQUARE,-87.6791086,41.9250115
296373587.0,16,20.0,1,LOGAN SQUARE,-87.6852277,41.9249378
305302768.0,28,42.0,1,GARFIELD RIDGE,-87.7435263,41.8220083
305532355.0,8,14.0,0,FOREST GLEN,-87.748088,41.9779385
305891760.0,11,13.0,0,NORWOOD PARK,-87.7853211,41.9973689
305892237.0,14,20.0,0,NORWOOD PARK,-87.8066882,41.9969145
305892404.0,7,9.0,1,NORWOOD PARK,-87.7898973,41.9973397
305896646.0,8,10.0,0,LINCOLN SQUARE,-87.6885527,41.9686159
305901377.0,13,19.0,1,ALBANY PARK,-87.7280883,41.9700753
305901680.0,12,16.0,1,ALBANY PARK,-87.7292592,41.9682375
305912056.0,7,9.0,1,ALBANY PARK,-87.7290422,41.9609445
306083048.0,14,21.0,1,IRVING PARK,-87.727783,41.9596215
306084612.0,15,20.0,1,IRVING PARK,-87.7276658,41.9554757
307564636.0,17,26.0,0,ALBANY PARK,-87.7072507,41.9684682
307940610.0,8,8.0,1,NORTH CENTER,-87.6870402,41.9467618
307940832.0,17,18.0,1,NORTH CENTER,-87.6883088,41.9485582
307942814.0,18,26.0,1,IRVING PARK,-87.7065854,41.946642
310697907.0,9,13.0,0,NEAR NORTH SIDE,-87.6340121,41.8899822
313441135.0,9,11.0,0,IRVING PARK,-87.7272173,41.9400092
314768635.0,16,20.0,0,LOGAN SQUARE,-87.6988738,41.9238386
315395168.0,11,11.0,1,HERMOSA,-87.734115,41.9244064
315398170.0,7,9.0,1,BELMONT CRAGIN,-87.745071,41.9242666
315398373.0,13,22.0,0,BELMONT CRAGIN,-87.746152,41.9187693
315399721.0,37,42.0,1,BELMONT CRAGIN,-87.7462909,41.9233278
315576753.0,10,14.0,1,BELMONT CRAGIN,-87.7671911,41.9239678
315577817.0,25,39.0,1,BELMONT CRAGIN,-87.7856384,41.9291707
315577854.0,16,16.0,1,BELMONT CRAGIN,-87.7855708,41.9273427
315582570.0,7,9.0,1,BELMONT CRAGIN,-87.7647509,41.924003
315582912.0,6,8.0,0,BELMONT CRAGIN,-87.7573692,41.9240957
316309147.0,11,13.0,1,PORTAGE PARK,-87.747282,41.9524657
316325766.0,6,6.0,0,PORTAGE PARK,-87.7471382,41.947946
316325886.0,7,7.0,0,PORTAGE PARK,-87.7471053,41.9470387
316328114.0,10,10.0,0,PORTAGE PARK,-87.7470236,41.9443083
317658013.0,7,9.0,0,WEST RIDGE,-87.6889102,42.0122725
317747338.0,9,12.0,0,PORTAGE PARK,-87.747051,41.9452666
317747436.0,6,8.0,0,PORTAGE PARK,-87.7454102,41.9461438
317749680.0,12,19.0,0,PORTAGE PARK,-87.7469232,41.9406524
317749784.0,11,13.0,0,PORTAGE PARK,-87.7469973,41.94339
317750090.0,9,13.0,0,PORTAGE PARK,-87.7468993,41.9397453
318028685.0,7,8.0,0,IRVING PARK,-87.7272407,41.9408862
326133472.0,14,17.0,1,ROGERS PARK,-87.6742376,42.0102043
339269514.0,8,10.0,0,EDGEWATER,-87.658662,41.9982031
344250624.0,15,25.0,1,WEST TOWN,-87.6664876,41.9033638
344804280.0,22,24.0,1,NEAR NORTH SIDE,-87.6299955,41.9039254
344810034.0,12,15.0,0,LINCOLN SQUARE,-87.6889394,41.9697191
345098765.0,11,11.0,1,AUSTIN,-87.7449009,41.8704497
348168276.0,7,8.0,1,BELMONT CRAGIN,-87.7466649,41.9333583
348202228.0,26,30.0,1,GARFIELD RIDGE,-87.7435234,41.8178215
348202229.0,48,50.0,1,GARFIELD RIDGE,-87.7435002,41.8167183
350978388.0,8,11.0,0,FULLER PARK,-87.6318305,41.7958134
350981388.0,31,43.0,1,ENGLEWOOD,-87.630508,41.7945564
350981480.0,42,57.0,1,FULLER PARK,-87.6318036,41.7945383
350982328.0,37,58.0,1,ENGLEWOOD,-87.6318027,41.7941748
350982370.0,9,11.0,0,ENGLEWOOD,-87.6304994,41.7941964
350984290.0,6,7.0,0,ENGLEWOOD,-87.6304767,41.7932845
353782607.0,20,27.0,0,HUMBOLDT PARK,-87.7362619,41.9098045
353783141.0,7,9.0,0,HUMBOLDT PARK,-87.7356521,41.9098211
357536480.0,10,10.0,0,LOWER WEST SIDE,-87.6852899,41.8412073
358543130.0,19,24.0,0,NORTH LAWNDALE,-87.7239524,41.8661928
364998429.0,6,6.0,0,AUSTIN,-87.7459351,41.9005137
364999232.0,8,14.0,1,AUSTIN,-87.7457707,41.8940607
365043733.0,10,11.0,0,AVONDALE,-87.7259529,41.9391123
365061608.0,10,17.0,0,PORTAGE PARK,-87.7472565,41.9515746
365220405.0,6,15.0,0,ENGLEWOOD,-87.6446246,41.7733961
366227246.0,9,15.0,0,LOGAN SQUARE,-87.6981265,41.9233707
366227803.0,11,11.0,1,LOGAN SQUARE,-87.7023399,41.9257261
366254594.0,7,7.0,0,LOGAN SQUARE,-87.6900858,41.9248779
367756255.0,6,7.0,1,LOGAN SQUARE,-87.7268163,41.9263282
368016410.0,11,13.0,1,AUSTIN,-87.7460895,41.9078114
368380107.0,11,12.0,0,FULLER PARK,-87.6342226,41.7945045
368380110.0,14,19.0,1,ENGLEWOOD,-87.6329973,41.7941544
368380111.0,15,19.0,0,FULLER PARK,-87.6330074,41.7945215
369630919.0,12,13.0,1,PORTAGE PARK,-87.7455781,41.9534401
369631694.0,6,8.0,0,NEAR WEST SIDE,-87.6474629,41.8851008
369872255.0,7,10.0,0,WEST TOWN,-87.6775088,41.9115632
369872302.0,10,15.0,0,LOGAN SQUARE,-87.6873974,41.9166841
369872332.0,7,10.0,0,WEST TOWN,-87.6860016,41.9103444
369881559.0,10,14.0,0,LOGAN SQUARE,-87.7014877,41.9254454
369881575.0,16,18.0,0,LOGAN SQUARE,-87.7004363,41.9247991
371296987.0,15,22.0,1,EDGEWATER,-87.653513,41.9838923
375647492.0,8,10.0,0,SOUTH SHORE,-87.565138,41.7644603
377189436.0,19,31.0,1,LOGAN SQUARE,-87.687399,41.9168383
387569024.0,33,51.0,1,GREATER GRAND CROSSING,-87.6248994,41.7653677
387576416.0,8,9.0,1,CHATHAM,-87.6253795,41.7503747
387577624.0,58,75.0,1,CHATHAM,-87.6241695,41.7362356
388608100.0,11,16.0,0,LOOP,-87.6253647,41.8844951
388608183.0,9,9.0,0,LOOP,-87.6276331,41.875711
388608185.0,9,15.0,0,LOOP,-87.6330819,41.8756672
388608194.0,20,23.0,1,LOOP,-87.6307136,41.8755206
388608195.0,10,11.0,0,LOOP,-87.6287035,41.8755545
401483272.0,8,10.0,0,CALUMET HEIGHTS,-87.5850654,41.7241756
401484904.0,6,12.0,0,AVALON PARK,-87.5852358,41.7387423
408469308.0,19,22.0,1,MCKINLEY PARK,-87.6843499,41.8262756
408472112.0,20,23.0,1,GAGE PARK,-87.6835416,41.795537
408474135.0,13,19.0,1,WASHINGTON PARK,-87.6240844,41.7943284
409178838.0,11,14.0,0,IRVING PARK,-87.7322066,41.9536086
410791898.0,9,9.0,0,NEAR WEST SIDE,-87.6486032,41.8843058
410791912.0,12,16.0,1,NEAR WEST SIDE,-87.648607,41.8844796
410791913.0,10,15.0,1,NEAR WEST SIDE,-87.6497821,41.8844651
410791914.0,8,8.0,0,NEAR WEST SIDE,-87.6509324,41.8844432
414180556.0,24,30.0,1,ARMOUR SQUARE,-87.6320309,41.8527879
414180821.0,8,11.0,0,ARMOUR SQUARE,-87.6300605,41.8528096
414193805.0,6,8.0,1,SOUTH SHORE,-87.5859968,41.7518272
414193806.0,92,131.0,1,AVALON PARK,-87.5860058,41.751502
414194549.0,24,28.0,1,AVALON PARK,-87.5856757,41.7514968
414194551.0,25,40.0,1,SOUTH SHORE,-87.5856744,41.7516114
414195576.0,6,7.0,0,SOUTH SHORE,-87.5855214,41.7533095
418457240.0,32,43.0,1,NEW CITY,-87.6838747,41.8084164
418457998.0,6,6.0,0,BRIGHTON PARK,-87.6868702,41.8084006
418464569.0,6,6.0,0,BRIGHTON PARK,-87.7051431,41.8135679
418465049.0,9,9.0,1,BRIGHTON PARK,-87.7033676,41.8146558
418514911.0,11,14.0,0,ARCHER HEIGHTS,-87.7223747,41.8078993
418515193.0,9,14.0,1,ARCHER HEIGHTS,-87.7248294,41.8078741
418515194.0,9,11.0,0,ARCHER HEIGHTS,-87.7260272,41.807858
418515455.0,22,25.0,1,GARFIELD RIDGE,-87.743473,41.8149202
424329169.0,28,31.0,1,EDGEWATER,-87.6596462,41.9981964
453132854.0,11,16.0,0,AUSTIN,-87.7450213,41.8740829
460478074.0,6,11.0,0,PORTAGE PARK,-87.7665246,41.9394849
468419600.0,15,24.0,1,GRAND BOULEVARD,-87.622837,41.8092977
468419606.0,21,23.0,1,GRAND BOULEVARD,-87.6212271,41.8093196
468420069.0,17,25.0,1,GRAND BOULEVARD,-87.6211797,41.8074977
537966195.0,20,26.0,1,MCKINLEY PARK,-87.6753276,41.831825
538646936.0,11,12.0,0,NORTH LAWNDALE,-87.7263914,41.8661561
538784406.0,6,10.0,0,CLEARING,-87.7410672,41.7784551
539186936.0,14,19.0,1,CHATHAM,-87.6227772,41.7363782
540571905.0,7,10.0,0,GARFIELD RIDGE,-87.7635158,41.7927176
551404690.0,21,35.0,1,AUSTIN,-87.7448707,41.8695388
551404750.0,6,7.0,0,AUSTIN,-87.7448946,41.8702599
551421660.0,6,8.0,0,AUSTIN,-87.7448648,41.86936
551436826.0,7,13.0,0,AUSTIN,-87.74552,41.8870923
551437316.0,9,11.0,0,AUSTIN,-87.7454246,41.8844511
619030981.0,14,16.0,1,NEAR NORTH SIDE,-87.6151792,41.8911123
656712873.0,11,13.0,1,LAKE VIEW,-87.639574,41.9412034
704695477.0,41,48.0,1,LOOP,-87.6258316,41.8674872
704695482.0,8,9.0,1,NEAR SOUTH SIDE,-87.6187395,41.867474
704695529.0,8,12.0,0,LOOP,-87.618862,41.8676399
704695547.0,34,45.0,1,NEAR SOUTH SIDE,-87.6241585,41.8673984
705003067.0,12,15.0,1,NEAR SOUTH SIDE,-87.619968,41.8658352
705003533.0,6,8.0,0,NEAR SOUTH SIDE,-87.6180986,41.8609068
705676129.0,10,10.0,1,MCKINLEY PARK,-87.6669559,41.8369584
708281409.0,26,36.0,1,NEAR WEST SIDE,-87.6667422,41.8763537
709412743.0,36,41.0,1,LOOP,-87.6260353,41.8756941
709412759.0,7,7.0,0,LOOP,-87.6268871,41.8756745
709413340.0,13,17.0,1,NEAR NORTH SIDE,-87.6372785,41.8930189
709550399.0,9,17.0,0,MCKINLEY PARK,-87.6848474,41.8239004
712836013.0,25,30.0,1,GAGE PARK,-87.6840989,41.7952409
713311573.0,19,21.0,1,NEAR NORTH SIDE,-87.6240425,41.9008243
713312029.0,21,22.0,1,NEAR NORTH SIDE,-87.6240774,41.900014
713334178.0,6,6.0,1,NEAR NORTH SIDE,-87.628138,41.8940776
733197974.0,12,14.0,0,WEST GARFIELD PARK,-87.738101,41.8861169
736861647.0,27,32.0,1,NEAR NORTH SIDE,-87.6254098,41.8925217
736861662.0,9,11.0,0,NEAR NORTH SIDE,-87.6254322,41.8933176
736932535.0,9,11.0,1,NEAR NORTH SIDE,-87.6127909,41.8919415
736940951.0,13,19.0,1,NEAR NORTH SIDE,-87.6355879,41.891557
736940952.0,8,10.0,0,NEAR NORTH SIDE,-87.6341345,41.8939972
737122951.0,6,9.0,0,AUSTIN,-87.7451779,41.8776905
737122957.0,17,25.0,1,AUSTIN,-87.7452124,41.8785934
737123003.0,6,6.0,1,AUSTIN,-87.7450918,41.8759022
737123209.0,41,59.0,1,AUSTIN,-87.7453282,41.8818115
737123269.0,20,28.0,1,AUSTIN,-87.7450582,41.8749925
739102754.0,21,25.0,1,NEAR NORTH SIDE,-87.6168932,41.8968438
739118573.0,7,7.0,0,NEAR NORTH SIDE,-87.6139771,41.8895441
739118686.0,11,14.0,0,NEAR NORTH SIDE,-87.6140064,41.8890967
739119052.0,8,10.0,0,NEAR NORTH SIDE,-87.6143349,41.8918999
739119054.0,7,7.0,0,NEAR NORTH SIDE,-87.6146635,41.8918896
739119059.0,6,9.0,1,NEAR NORTH SIDE,-87.6149068,41.8939554
739119091.0,16,20.0,0,NEAR NORTH SIDE,-87.6158181,41.8952668
739120275.0,49,60.0,1,LOOP,-87.6175059,41.8809197
740237201.0,22,27.0,1,LOOP,-87.6206222,41.8758155
740249835.0,12,19.0,1,LOOP,-87.624206,41.8813216
845887255.0,22,24.0,1,BELMONT CRAGIN,-87.7460406,41.9151195
862966652.0,7,9.0,0,GAGE PARK,-87.702328,41.7935542
1257584226.0,7,10.0,0,WEST RIDGE,-87.6884403,41.9905841
1257584236.0,11,16.0,0,WEST RIDGE,-87.6898765,41.9905086
1307861712.0,13,16.0,0,EDGEWATER,-87.6580213,41.9836693
1308131706.0,17,21.0,1,NEAR WEST SIDE,-87.6665633,41.8751795
1308131752.0,18,21.0,1,NEAR WEST SIDE,-87.6666987,41.8751785
1308208314.0,28,41.0,1,NEAR WEST SIDE,-87.6762977,41.8728653
1308208334.0,16,26.0,0,NEAR WEST SIDE,-87.6764618,41.8727374
1308232054.0,6,6.0,0,NEAR WEST SIDE,-87.6860072,41.8654195
1309296856.0,10,11.0,1,NEAR WEST SIDE,-87.6468799,41.8658911
1309395268.0,9,9.0,1,NEAR WEST SIDE,-87.674878,41.8740693
1309410887.0,9,9.0,1,NEAR WEST SIDE,-87.6422705,41.8697233
1310666911.0,7,9.0,1,NEAR WEST SIDE,-87.6690939,41.8741526
1324298357.0,16,23.0,1,NEAR WEST SIDE,-87.646917,41.8672131
1324353886.0,10,12.0,1,NEAR WEST SIDE,-87.6764378,41.8714797
1324353893.0,8,12.0,0,NEAR WEST SIDE,-87.6762558,41.8714893
1324358135.0,10,12.0,0,NEAR WEST SIDE,-87.6763693,41.874048
1324358140.0,15,20.0,1,NEAR WEST SIDE,-87.676526,41.8740448
1369154057.0,9,11.0,1,BELMONT CRAGIN,-87.7487576,41.9242156
1369171980.0,6,9.0,0,AUSTIN,-87.7457398,41.8931743
1394127043.0,6,9.0,0,HYDE PARK,-87.5794016,41.7904037
1434374544.0,8,8.0,1,NEAR NORTH SIDE,-87.6281806,41.8956822
1437916517.0,7,7.0,0,WEST RIDGE,-87.7060388,41.9895851
1439714778.0,7,11.0,0,LAKE VIEW,-87.6698477,41.9542907
1468342227.0,6,8.0,0,NEAR NORTH SIDE,-87.6241774,41.8901275
1491768416.0,6,7.0,1,EDGEWATER,-87.6551958,41.9838156
1531380379.0,7,9.0,0,EDGEWATER,-87.6551895,41.9836739
1597888146.0,15,24.0,0,LOGAN SQUARE,-87.6753274,41.925054
1655435350.0,29,34.0,1,NEAR WEST SIDE,-87.6421898,41.8672846
1655435362.0,9,14.0,0,NEAR WEST SIDE,-87.6421875,41.867183
1655436473.0,17,19.0,1,NEAR WEST SIDE,-87.6451277,41.8671383
1655436476.0,18,23.0,1,NEAR WEST SIDE,-87.6451533,41.8672433
1655443695.0,13,16.0,1,NEAR WEST SIDE,-87.6440948,41.8672536
1655443697.0,21,22.0,1,NEAR WEST SIDE,-87.6440927,41.8671504
1655457006.0,53,74.0,1,NEAR WEST SIDE,-87.6392298,41.8673162
1655457007.0,20,25.0,1,NEAR WEST SIDE,-87.6407238,41.8673019
1655457008.0,12,12.0,1,NEAR WEST SIDE,-87.6407214,41.8672055
1655457009.0,18,22.0,1,NEAR WEST SIDE,-87.6392284,41.8672204
1659791118.0,16,19.0,1,LOOP,-87.6258886,41.8692784
1675270681.0,20,26.0,0,None,-87.7116906,41.9973545
1675939995.0,14,21.0,0,WEST RIDGE,-87.7008654,41.9975418
1679535947.0,21,27.0,0,NEAR WEST SIDE,-87.6436551,41.8671583
1764458377.0,10,15.0,0,LAKE VIEW,-87.6542905,41.9454046
1764458389.0,10,14.0,0,LOGAN SQUARE,-87.6670048,41.9172623
1764470740.0,11,18.0,0,WEST TOWN,-87.677416,41.9082572
1764470748.0,10,10.0,1,WEST TOWN,-87.6774475,41.9093735
1764470751.0,7,12.0,0,WEST TOWN,-87.6774357,41.9089558
1769810839.0,14,14.0,0,NEAR WEST SIDE,-87.6475129,41.8867958
1959945898.0,17,20.0,0,NEAR NORTH SIDE,-87.6242385,41.891729
1959945901.0,12,13.0,0,NEAR NORTH SIDE,-87.624147,41.8917301
1978763491.0,8,10.0,1,NEAR NORTH SIDE,-87.6356698,41.8947745
1978769424.0,6,6.0,0,NEAR NORTH SIDE,-87.6356819,41.8955757
1991196147.0,13,18.0,0,WEST TOWN,-87.6656763,41.9106709
2174877400.0,6,6.0,0,ROGERS PARK,-87.661538,42.0025506
2174877452.0,12,17.0,0,EDGEWATER,-87.6591682,41.9981982
2245966841.0,27,32.0,1,GARFIELD RIDGE,-87.7434898,41.8204413
2276241507.0,72,85.0,1,CHATHAM,-87.6272782,41.736285
2276241509.0,38,48.0,1,CHATHAM,-87.6254487,41.7363753
2276241512.0,19,23.0,1,CHATHAM,-87.6241733,41.736392
2277981396.0,6,9.0,0,NEAR WEST SIDE,-87.6474995,41.8862253
2291929237.0,6,6.0,0,NEAR NORTH SIDE,-87.6325078,41.8915998
2291929239.0,8,9.0,1,NEAR NORTH SIDE,-87.6325446,41.8924228
2291929241.0,43,51.0,1,NEAR NORTH SIDE,-87.6325656,41.8932119
2291929244.0,9,14.0,0,NEAR NORTH SIDE,-87.632607,41.8948138
2291929247.0,10,13.0,0,NEAR NORTH SIDE,-87.6326347,41.8966126
2291929257.0,21,23.0,0,NEAR NORTH SIDE,-87.6328437,41.9038896
2291929261.0,11,14.0,1,LINCOLN PARK,-87.6330709,41.9111719
2291929269.0,14,20.0,0,LINCOLN PARK,-87.6328662,41.9131799
2294339314.0,21,21.0,1,NEAR NORTH SIDE,-87.6280014,41.8892593
2328729126.0,12,12.0,1,EDGEWATER,-87.6537495,41.9855491
2437665434.0,14,22.0,0,AUSTIN,-87.7449163,41.870913
2470391253.0,22,39.0,1,HUMBOLDT PARK,-87.706651,41.8983249
2565028230.0,11,19.0,1,NEAR NORTH SIDE,-87.6346935,41.9110894
2565051779.0,14,19.0,0,WEST TOWN,-87.6596202,41.9053784
2565193678.0,8,13.0,0,NEAR SOUTH SIDE,-87.627384,41.8673748
2565193679.0,12,14.0,0,LOOP,-87.6273857,41.8674653
2565482371.0,7,7.0,0,NEW CITY,-87.6816573,41.8230287
2650379781.0,16,25.0,1,UPTOWN,-87.6455463,41.9557771
2650379823.0,40,50.0,1,LAKE VIEW,-87.639537,41.9401186
2787305569.0,6,6.0,0,LOOP,-87.6241709,41.8745293
2787305648.0,7,7.0,0,LOOP,-87.6232985,41.8756145
2876584074.0,10,13.0,0,BEVERLY,-87.680833,41.7208913
2876584094.0,16,22.0,0,BEVERLY,-87.6642604,41.7211305
2876584099.0,28,32.0,1,WASHINGTON HEIGHTS,-87.6627584,41.7211548
2876586224.0,14,18.0,0,WASHINGTON HEIGHTS,-87.6431414,41.7214075
2896388409.0,7,7.0,0,GARFIELD RIDGE,-87.7430295,41.8057988
2896388410.0,19,24.0,1,GARFIELD RIDGE,-87.7430895,41.8076279
2896388415.0,14,15.0,1,GARFIELD RIDGE,-87.7432897,41.8149206
2896388416.0,18,27.0,1,GARFIELD RIDGE,-87.7433061,41.8167768
2896388417.0,6,11.0,0,GARFIELD RIDGE,-87.7433372,41.8178662
2957925230.0,16,18.0,1,LOOP,-87.6272508,41.8851264
3211289919.0,7,12.0,0,BEVERLY,-87.6817313,41.7191111
3242152385.0,22,25.0,1,ROGERS PARK,-87.6606457,41.998917
3325567214.0,7,9.0,0,NEAR WEST SIDE,-87.6863965,41.8798555
3884752869.0,19,26.0,1,NEAR NORTH SIDE,-87.6240739,41.890948
4081947066.0,15,17.0,1,IRVING PARK,-87.7103006,41.9476358
4081947069.0,27,30.0,1,IRVING PARK,-87.7088417,41.9466231
4081947070.0,36,45.0,1,IRVING PARK,-87.7078332,41.9466319
4081947072.0,33,38.0,1,AVONDALE,-87.707815,41.945936
4081947334.0,12,19.0,0,ALBANY PARK,-87.7265922,41.9609714
4083416912.0,12,16.0,1,AVONDALE,-87.7270359,41.9336305
4108993936.0,15,16.0,1,DUNNING,-87.7908712,41.9528549
4276883034.0,20,32.0,0,WEST ELSDON,-87.7233444,41.7999936
4332497521.0,11,14.0,1,BELMONT CRAGIN,-87.746034,41.9149
4332542838.0,10,12.0,0,PORTAGE PARK,-87.7473091,41.953914
4332542839.0,8,10.0,0,PORTAGE PARK,-87.7473549,41.9550545
4332637067.0,12,14.0,0,ARMOUR SQUARE,-87.6312789,41.8527928
4332885751.0,12,14.0,0,CALUMET HEIGHTS,-87.5852031,41.7364224
4336042974.0,41,43.0,1,NEAR NORTH SIDE,-87.6295795,41.8892418
4336093359.0,10,12.0,0,NEAR WEST SIDE,-87.6667598,41.8776314
4336169730.0,9,9.0,1,ROGERS PARK,-87.6605762,41.998773
4387385182.0,23,29.0,1,LAKE VIEW,-87.6565215,41.9472051
4387385183.0,9,15.0,1,LAKE VIEW,-87.6543249,41.9472461
4387385642.0,7,11.0,0,NORTH CENTER,-87.6906899,41.9467346
4489779622.0,7,13.0,0,LOOP,-87.6286857,41.8745469
5405774428.0,7,9.0,0,AUSTIN,-87.7455781,41.8886866
5492881542.0,7,9.0,1,LOWER WEST SIDE,-87.6875619,41.8520265
5493252549.0,9,14.0,0,HUMBOLDT PARK,-87.7354011,41.9097195
5546243490.0,26,29.0,1,NEAR NORTH SIDE,-87.6253892,41.8917123
5631665721.0,11,13.0,1,WEST LAWN,-87.7229083,41.7841251
5885271792.0,11,14.0,0,WASHINGTON HEIGHTS,-87.6431443,41.721512
5885340793.0,25,29.0,0,WASHINGTON HEIGHTS,-87.643112,41.715137
5885340794.0,14,16.0,0,WASHINGTON HEIGHTS,-87.6429664,41.7151385
5885340795.0,32,36.0,1,WASHINGTON HEIGHTS,-87.642939,41.7142164
5885340796.0,56,66.0,1,WASHINGTON HEIGHTS,-87.6430912,41.7142123
5891205999.0,10,12.0,0,LINCOLN PARK,-87.6681909,41.9236803
5891694375.0,6,9.0,0,WEST TOWN,-87.6674462,41.9039759
5892708079.0,30,32.0,1,NEAR WEST SIDE,-87.6665901,41.8763566
5893036083.0,12,17.0,0,LOWER WEST SIDE,-87.666112,41.8541543
5893065622.0,17,26.0,0,LOWER WEST SIDE,-87.6659549,41.8523373
5893137255.0,16,24.0,1,MCKINLEY PARK,-87.66568,41.8377402
5893137256.0,24,27.0,1,MCKINLEY PARK,-87.6658037,41.8376648
5893159824.0,7,9.0,0,MCKINLEY PARK,-87.6656178,41.8355645
5893186434.0,16,22.0,1,NEW CITY,-87.6652695,41.819049
5893186445.0,17,23.0,1,NEW CITY,-87.6652437,41.8177211
5893271219.0,6,12.0,1,WEST ENGLEWOOD,-87.6641418,41.7740177
5893657326.0,17,24.0,1,WASHINGTON HEIGHTS,-87.662609,41.721268
5893657327.0,6,10.0,0,WASHINGTON HEIGHTS,-87.6626049,41.7211568
5906917261.0,25,28.0,1,NEAR WEST SIDE,-87.6469144,41.8671199
5970470816.0,25,38.0,1,AUSTIN,-87.7452696,41.8804502
5970470817.0,43,55.0,1,AUSTIN,-87.7452734,41.8805307
5970470820.0,11,24.0,0,AUSTIN,-87.7428105,41.8804804
5970470821.0,17,20.0,1,AUSTIN,-87.7428134,41.8805611
5970470853.0,10,15.0,1,WEST GARFIELD PARK,-87.7256579,41.8807723
5970470854.0,8,9.0,1,WEST GARFIELD PARK,-87.725655,41.8806911
5970470862.0,28,49.0,1,AUSTIN,-87.7648602,41.8803075
5970470872.0,8,13.0,0,WEST GARFIELD PARK,-87.7244627,41.8807464
5970485326.0,10,15.0,1,AUSTIN,-87.7648562,41.8801936
6318015021.0,11,14.0,0,AVONDALE,-87.6976866,41.9326882
6383100539.0,14,22.0,1,SOUTH DEERING,-87.5863038,41.7223327
6436642942.0,12,17.0,0,GREATER GRAND CROSSING,-87.6263472,41.7564274
6436744935.0,34,44.0,1,GREATER GRAND CROSSING,-87.6258256,41.7509311
6436744942.0,9,9.0,0,GREATER GRAND CROSSING,-87.624566,41.7511057
6436744944.0,8,13.0,0,GREATER GRAND CROSSING,-87.6258358,41.7510847
6439831638.0,15,25.0,1,AUSTIN,-87.7448508,41.8711951
6439831641.0,8,15.0,1,AUSTIN,-87.7450229,41.8722806
6439831646.0,19,24.0,1,AUSTIN,-87.7450084,41.8720667
6530563740.0,20,24.0,1,CLEARING,-87.7423279,41.7766082
6530563768.0,6,8.0,0,CLEARING,-87.7421307,41.7766149
6530563774.0,36,48.0,1,CLEARING,-87.7421929,41.7784424
6530563813.0,51,66.0,1,CLEARING,-87.7423873,41.7784387
6708445709.0,16,21.0,1,CHICAGO LAWN,-87.6834917,41.7737874
6782409616.0,8,11.0,0,AVALON PARK,-87.5864568,41.7515032
6838680371.0,16,19.0,0,WEST TOWN,-87.6473175,41.8890162
6969680316.0,10,10.0,1,NORTH CENTER,-87.6882295,41.9459079
6978793331.0,25,33.0,1,ASHBURN,-87.7023909,41.7497506
7022595090.0,6,6.0,1,LOOP,-87.6239762,41.88819
9194526725.0,7,7.0,0,IRVING PARK,-87.727582,41.9527353
9239285746.0,21,32.0,0,WASHINGTON HEIGHTS,-87.6627248,41.7230396
9251471276.0,7,8.0,0,NEAR WEST SIDE,-87.6656348,41.8763792
9408505613.0,13,14.0,0,NEAR NORTH SIDE,-87.6312006,41.8948312
9424561066.0,10,10.0,1,NEAR NORTH SIDE,-87.6141902,41.8897713
9600678723.0,14,20.0,1,FULLER PARK,-87.6325746,41.8090626
9816540549.0,7,13.0,1,KENWOOD,-87.5904871,41.8102939
9922616964.0,19,21.0,1,UPTOWN,-87.6452812,41.9547258
9924006966.0,10,13.0,1,WEST GARFIELD PARK,-87.738106,41.8862387
10290647735.0,7,9.0,0,LOGAN SQUARE,-87.6771848,41.9250335
10925013081.0,32,33.0,1,ARMOUR SQUARE,-87.6300691,41.8529487
11046758434.0,9,12.0,1,LOOP,-87.627862,41.8831751
11060766791.0,7,10.0,0,LOOP,-87.6338805,41.8831803
11060789434.0,8,8.0,1,LOOP,-87.6309323,41.8831841
11060811043.0,19,20.0,0,LOOP,-87.6278243,41.8821146
11060811049.0,12,19.0,0,LOOP,-87.6353449,41.8819879
11254807437.0,9,12.0,1,LOOP,-87.6243437,41.8843657
11332654574.0,30,38.0,1,LOGAN SQUARE,-87.6779229,41.9258388
11544798461.0,11,14.0,0,LINCOLN PARK,-87.6321547,41.9298185
11699206918.0,61,83.0,1,SOUTH DEERING,-87.5850285,41.7223502
11699206919.0,80,91.0,1,SOUTH DEERING,-87.5852154,41.722348
11751927278.0,6,10.0,0,WEST TOWN,-87.6579978,41.9034985
11914584684.0,14,17.0,1,MCKINLEY PARK,-87.6849039,41.8230191
11915826544.0,7,9.0,0,NEAR NORTH SIDE,-87.6227988,41.8957629
11938585892.0,40,47.0,1,NEAR SOUTH SIDE,-87.6190181,41.8674687
11940351897.0,23,26.0,1,LOOP,-87.6170308,41.8716309
12048839921.0,12,12.0,0,ASHBURN,-87.7036247,41.750038
12109166557.0,13,17.0,1,EDGEWATER,-87.6550183,41.9873702
12166889167.0,16,20.0,1,LAKE VIEW,-87.6466486,41.9546061
12242500896.0,11,13.0,1,HUMBOLDT PARK,-87.7362823,41.9097116
12245201587.0,30,34.0,1,GAGE PARK,-87.7038576,41.8040361
12787016218.0,8,9.0,0,WASHINGTON HEIGHTS,-87.6441535,41.7141968
12941645398.0,7,9.0,1,NEAR NORTH SIDE,-87.6266902,41.8908948
13120425058.0,10,10.0,1,ARMOUR SQUARE,-87.6312827,41.8529381
13120425061.0,8,10.0,0,ARMOUR SQUARE,-87.6310788,41.852795
13176913353.0,22,22.0,1,LAKE VIEW,-87.6451451,41.9546379
13288027306.0,6,6.0,0,GAGE PARK,-87.7048899,41.7971592
